StrategicIssues,project_name,PriorityOrder,Sub-activities,Strategy,ProjectIndicators,ImplementingAgency,AlignmentwithThailandVision,Budget
ประเด็นยุทธศาสตร์ที่ 3 : พัฒนาแหล่งท่องเที่ยว จัดกิจกรรมการท่องเที่ยวและการตลาดเพื่อสร้างอาชีพและรายได้ให้กับประชาชนในพื้นที่,ติดตั้งไฟส่องสว่างแสงอาทิตย์ในแหล่งท่องเที่ยวเชิงวัฒนธรรมริมน้ำเจ้าพระยา,48.0,"1. ประชาสัมพันธ์เชิญชวนกลุ่มเป้าหมาย ได้แก่ พระ ผู้นําชุมชน และประชาชนทั่วไปเพื่อเข้าร่วมโครงการ
2. จัดอบรมสัมมนา 2 ครั้งๆ รวม 100คน ให้กับชุมชนในพื้นที่ และเจ้าหน้าที่หน่วยงานราชการ เพื่อสร้างรูปแบบหรือวิธีพัฒนา โดยสนับสนุนให้ทําโครงการวิจัยประเด็นด้านพลังงานสะอาดในพื้นที่ และได้เรียนรู้สถานการณ์ด้านพลังงานและนําความรู้ความเข้าใจที่ได้รับไปปรับใช้ให้เหมาะสมในพื้นที่
3. ทําการติดตั้งอุปกรณ์เทคโนโลยีพลังงานแสงอาทิตย์
4. ติดตามประเมินผลหลังการเสร็จสิ้นโครงการ",กลยุทธ์ที่ 1 พัฒนาแหล่งท่องเที่ยวที่สําคัญ,การติดตั้งไฟส่องสว่างในแหล่งท่องเที่ยว จํานวน 5 แห่ง,สํานักงานท่องเที่ยวและกีฬาจังหวัดปทุมธานี,2.2 การพัฒนาการท่องเที่ยวและการบริการ,2025400.0
ประเด็นยุทธศาสตร์ที่ 3 : พัฒนาแหล่งท่องเที่ยว จัดกิจกรรมการท่องเที่ยวและการตลาดเพื่อสร้างอาชีพและรายได้ให้กับประชาชนในพื้นที่,คาราวานเส้นทางท่องเที่ยว จ.ปทุมธานีเชื่อมโยงจังหวัดใกล้เคียง,49.0,กิจกรรมคาราวานเส้นทางท่องเที่ยวจังหวัดปทุมธานีเชื่อมโยงจังหวัดใกล้เคียง,"กลยุทธ์ที่ 1 พัฒนาแหล่งท่องเที่ยวที่สําคัญ 
กลยุทธ์ที่ 3 ส่งเสริมการท่องเที่ยวจังหวัดปทุมธานี",1) จํานวนนักท่องเที่ยวเพิ่มขึ้นมากกว่าร้อยละ 52) รายได้จากการท่องเที่ยวเพิ่มขึ้นมากกว่าร้อยละ 5,สํานักงานท่องเที่ยวและกีฬาจังหวัดปทุมธานี,2.2 การพัฒนาการท่องเที่ยวและการบริการ,4000000.0
ประเด็นยุทธศาสตร์ที่ 3 : พัฒนาแหล่งท่องเที่ยว จัดกิจกรรมการท่องเที่ยวและการตลาดเพื่อสร้างอาชีพและรายได้ให้กับประชาชนในพื้นที่,พัฒนาแหล่งท่องเที่ยวเชิงอนุรักษ์ตลาดน้ำบ้านกระแชง,19.0,"1) จัดประชุมรับฟังความคิดเห็นและการมีส่วนร่วมของประชาชนใน อบต. บ้านกระแชง เพื่อกําหนดรูปแบบและแนวทางการจัดกิจกรรม
2) ประสานงานกับสภาอุตสาหกรรมท่องเที่ยวจังหวัด สํานักงานการท่องเที่ยวและกีฬาจังหวัด ร่วมจัดทําแผนงาน/โครงการ
3) เสนอโครงการเพื่อขอรับการสนับสนุนงบประมาณ
4) ประชาสัมพันธ์การจัดกิจกรรม
5) ดําเนินโครงการและการจัดกิจกรรม
- สร้างอาคารอเนกประสงค์ ร้านค้าสําหรับจําหน่ายสินค้า อาหาร พืชผลทางการเกษตร ฯลฯ
- ปรับปรุงภูมิทัศน์ ปลูกไม้ดอก ไม้ประดับ
- ปรับปรุงห้องน้ำ ให้สามารถรองรับผู้พิการหรือผู้สูงอายุได้
-ป้ายบอกทางเข้าโครงการ จํานวน 2 ป้าย
-ปรับปรุงโป๊ะ ท่าเทียบเรือบริเวณหน้าวัด ริมฝั่งแม่น้ำเจ้าพระยา ให้มีมาตรฐานด้าน ความปลอดภัย
-ประชุม แต่งตั้งคณะกรรมการ สรรหา ผู้ประกอบการในตลาดน้ำและแนวทางการ บริหารจัดการ เพื่อประสิทธิภาพและ ประสิทธิผลในการทํางาน
-จัดกิจกรรมวันเปิดตลาดน้ำ อาทิ เช่น มหกรรมแข่งขันตกกุ้งแม่น้ำ สาธิตการ ประกอบอาหารคาวหวานจากพืชผัก ผลไม้ ในท้องถิ่น การแสดงวิถีชีวิตชาวมอญย้อนยุค ฯลฯ
-จัดโครงการอบรม""ภาคีเครือข่ายด้าน ความปลอดภัยทางน้ำ""ให้กับนักท่องเที่ยว
-จัดโครงการอบรมบุคลากรท้องถิ่นด้าน ""ท่องเที่ยวเชิงอนุรักษ์ซึ่งเป็นการท่องเที่ยว ที่คํานึงถึงความยั่งยืนของสิ่งแวดล้อม สังคม และวัฒนธรรม","กลยุทธ์ที่ 1 พัฒนาแหล่งท่องเที่ยวที่สําคัญ 
กลยุทธ์ที่ 2 ส่งเสริมให้เกิดการสร้างมูลค่าเพิ่มในแหล่งท่องเที่ยวและธุรกิจที่เกี่ยวข้อง 
กลยุทธ์ที่ 3 ส่งเสริมการท่องเที่ยวจังหวัดปทุมธานี 
กลยุทธ์ที่ 4 ส่งเสริมกิจกรรมการท่องเที่ยวตามประเพณี",1) ประชาชนมีรายได้จากการจําหน่ายสินค้าเพิ่มขึ้น,สํานักงานท่องเที่ยวและกีฬาจังหวัดปทุมธานี,2.2 การพัฒนาการท่องเที่ยวและการบริการ,5000000.0
ประเด็นยุทธศาสตร์ที่ 3 : พัฒนาแหล่งท่องเที่ยว จัดกิจกรรมการท่องเที่ยวและการตลาดเพื่อสร้างอาชีพและรายได้ให้กับประชาชนในพื้นที่,"จัดมหกรรมลดราคาสินค้าโมเดินเทรด ""PathumthaniGrand""",50.0,จัดกิจกรรมงานมหกรรมลดราคาสินค้าจํานวน 2 ครั้ง ครั้งละ 200 บูธ โดยนําสินค้าจากโรงงานอุตสาหกรรม และสินค้าจากแหล่งท่องเที่ยวที่เกี่ยวข้อง,"กลยุทธ์ที่ 2 ส่งเสริมให้เกิดการสร้างมูลค่าเพิ่มในแหล่งท่องเที่ยวและธุรกิจที่เกี่ยวข้อง 
กลยุทธ์ที่ 3 ส่งเสริมการท่องเที่ยวจังหวัดปทุมธานี",1) จํานวนการจัดกิจกรรมงานมหกรรมลดราคาสินค้าจํานวน 2 ครั้ง,สํานักงานท่องเที่ยวและกีฬาจังหวัดปทุมธานี,2.2 การพัฒนาการท่องเที่ยวและการบริการ,10000000.0
ประเด็นยุทธศาสตร์ที่ 3 : พัฒนาแหล่งท่องเที่ยว จัดกิจกรรมการท่องเที่ยวและการตลาดเพื่อสร้างอาชีพและรายได้ให้กับประชาชนในพื้นที่,อบรมมัคคุเทศก์เฉพาะพื้นที่ จ.ปทุมธานี,20.0,อบรมมัคคุเทศก์เฉพาะพื้นที่จังหวัดปทุมธานี,"กลยุทธ์ที่ 2 ส่งเสริมให้เกิดการสร้างมูลค่าเพิ่มในแหล่งท่องเที่ยวและธุรกิจที่เกี่ยวข้อง 
กลยุทธ์ที่ 3 ส่งเสริมการท่องเที่ยวจังหวัดปทุมธานี",1) จํานวนนักท่องเที่ยวเพิ่มขึ้นมากกว่าร้อยละ 52) รายได้จากการท่องเที่ยวเพิ่มขึ้นมากกว่าร้อยละ 5,สํานักงานท่องเที่ยวและกีฬาจังหวัดปทุมธานี,2.2 การพัฒนาการท่องเที่ยวและการบริการ,2500000.0
ประเด็นยุทธศาสตร์ที่ 3 : พัฒนาแหล่งท่องเที่ยว จัดกิจกรรมการท่องเที่ยวและการตลาดเพื่อสร้างอาชีพและรายได้ให้กับประชาชนในพื้นที่,โครงการส่งเสริมการพัฒนาผลิตภัณฑ์สู่ประชาคมอาเซียน,31.0,"1) จ้างเหมาวิจัยเพื่อพัฒนาผลิตภัณฑ์OTOP จํานวน 20 ผลิตภัณฑ์ๆ ละ50,000 บาท
2) อบรมพัฒนาศักยภาพผู้ประกอบการและพัฒนาบรรจุภัณฑ์/Story of Product ฯลฯ แก่ผู้ประกอบการ จํานวน 20 ราย (20 ผลิตภัณฑ์) รายละ 30,000 บาท",กลยุทธ์ที่ 2 ส่งเสริมให้เกิดการสร้างมูลค่าเพิ่มในแหล่งท่องเที่ยวและธุรกิจที่เกี่ยวข้อง,1) ผู้ผลิต ผู้ประกอบการมีรายได้จากการจําหน่ายสินค้าเพิ่มขึ้นไม่น้อยกว่าร้อยละ 10 2) ผู้ผลิตผู้ประกอบการสามารถบริหารจัดการด้านการตลาดเพิ่มช่องทางการจําหน่ายได้อย่างน้อย 2 ช่องทาง,สำนักงานพัฒนาชุมชนจังหวัดปทุมธานี,2.2 การพัฒนาการท่องเที่ยวและการบริการ,1600000.0
ประเด็นยุทธศาสตร์ที่ 3 : พัฒนาแหล่งท่องเที่ยว จัดกิจกรรมการท่องเที่ยวและการตลาดเพื่อสร้างอาชีพและรายได้ให้กับประชาชนในพื้นที่,โครงการส่งเสริมผลิตภัณฑ์ชุมชนและSMEs,52.0,"1) จ้างเหมาวิจัยเพื่อพัฒนาผลิตภัณฑ์OTOP จํานวน 20 ผลิตภัณฑ์ๆ ละ50,000 บาท
2) การฝึกอบรมพัฒนาทักษะผู้ประกอบการให้สามารถพัฒนาต่อยอดผลิตภัณฑ์ของชุมชนหรือ SMEs ได้",กลยุทธ์ที่ 2 ส่งเสริมให้เกิดการสร้างมูลค่าเพิ่มในแหล่งท่องเที่ยวและธุรกิจที่เกี่ยวข้อง,1) ผู้ผลิต ผู้ประกอบการมีรายได้จากการจําหน่ายสินค้าเพิ่มขึ้นไม่น้อยกว่าร้อยละ 10 2) ผู้ผลิตผู้ประกอบการสามารถบริหารจัดการด้านการตลาดเพิ่มช่องทางการจําหน่ายได้อย่างน้อย 2 ช่องทาง,สำนักงานพัฒนาชุมชนจังหวัดปทุมธานี,2.2 การพัฒนาการท่องเที่ยวและการบริการ,2000000.0
ประเด็นยุทธศาสตร์ที่ 3 : พัฒนาแหล่งท่องเที่ยว จัดกิจกรรมการท่องเที่ยวและการตลาดเพื่อสร้างอาชีพและรายได้ให้กับประชาชนในพื้นที่,โครงการส่งเสริมการจําหน่ายสินค้าOTOP เชื่อมโยงแหล่งท่องเที่ยวชุมชน,21.0,1) จัดงานแสดงสินค้า OTOP,กลยุทธ์ที่ 2 ส่งเสริมให้เกิดการสร้างมูลค่าเพิ่มในแหล่งท่องเที่ยวและธุรกิจที่เกี่ยวข้อง,1) ผู้ผลิต ผู้ประกอบการมีรายได้จากการจําหน่ายสินค้าเพิ่มขึ้นไม่น้อยกว่าร้อยละ 10,สำนักงานพัฒนาชุมชนจังหวัดปทุมธานี,2.2 การพัฒนาการท่องเที่ยวและการบริการ,2000000.0
ประเด็นยุทธศาสตร์ที่ 3 : พัฒนาแหล่งท่องเที่ยว จัดกิจกรรมการท่องเที่ยวและการตลาดเพื่อสร้างอาชีพและรายได้ให้กับประชาชนในพื้นที่,เสริมสร้างความปลอดภัยแก่นักท่องเที่ยวในการใช้บริการรถโดยสารไม่ประจําทาง,53.0,"1) จัดทํา/จัดซื้อระบบการให้บริการ ระบบตรวจสอบและระบบติดตามการให้บริการรถโดยสาร ไม่ประจําทาง รถโดยสารประจําทาง และรถโดยสารสาธารณะทุกประเภท
2) ปรับปรุงห้องประชุม/อบรม และห้องที่ใช้ติดตั้งระบบการให้บริการ ระบบตรวจสอบและระบบติดตามการให้บริการรถโดยสาร ไม่ประจําทาง รถโดยสารประจําทาง และรถโดยสารสาธารณะทุกประเภท
3) จัดประชุม/อบรมส่งเสริม และให้ความรู้ด้านกฎ ระเบียบ การพัฒนาการให้บริการเพิ่มจิตสํานึกด้านความปลอดภัย และเพิ่มพูนความรู้ด้านภาษาต่างประเทศ เช่น ภาษาอังกฤษ ภาษาจีน เป็นต้น แก่เจ้าหน้าที่ผู้ประกอบการขนส่ง บริการและผู้ขับรถ
4) ตรวจ ติดตาม ประเมินผล เพื่อให้บรรลุวัตถุประสงค์ตามเป้าหมายที่กําหนด รวมค่าวัสดุสํานักงาน ค่าน้ำมันเชื้อเพลิง และค่าใช้สอยอื่นๆ",กลยุทธ์ที่ 2 ส่งเสริมให้เกิดการสร้างมูลค่าเพิ่มในแหล่งท่องเที่ยวและธุรกิจที่เกี่ยวข้อง,1) นักท่องเที่ยวทั้งชาวไทยและขาวต่างประเทศเดินทางมาท่องเที่ยวในจังหวัดปทุมธานีเพิ่มมากขึ้น2) รถโดยสารไม่ประจําทางในเขตท้องที่จังหวัดปทุมมีการพัฒนาและปฏิบัติถูกต้องตามระเบียบเพิ่มขึ้น3) จํานวนรถโดยสารไม่ประจําทางรถและผู้ประจํารถที่ฝ่าฝืนพระราชบัญญัติการขนส่งทางบก พ.ศ.2522 และพระราชบัญญัติรถยนต์ พ.ศ. 2522 ในเขตท้องที่จังหวัดปทุมธานีมีจํานวนลดลง4) จํานวนรถโดยสารไม่ประจําทางในเขตท้องที่จังหวัดปทุมธานีเกิดอุบัติเหตุลดดลง,สำนักงานขนส่งจังหวัดปทุมธานี,2.2 การพัฒนาการท่องเที่ยวและการบริการ,5000000.0
ประเด็นยุทธศาสตร์ที่ 3 : พัฒนาแหล่งท่องเที่ยว จัดกิจกรรมการท่องเที่ยวและการตลาดเพื่อสร้างอาชีพและรายได้ให้กับประชาชนในพื้นที่,สร้างมูลค่าเพิ่มจากภูมิปัญญาท้องถิ่นเพื่อการท่องเที่ยวจังหวัดปทุมธานี,32.0,"1. มีข้อมูลภูมิปัญญาที่ผ่านการวิเคราะห์และจัดทําเป็นองค์ความรู้ ไม่ต่ํากว่า 3 ด้าน 3 รายการ
2. มีผลิตภัณฑ์ที่ได้รับการพัฒนาต่อยอดไม่ต่ํากว่า 1 ด้าน
3. จัดกิจกรรมเปิดพื้นที่ในการสร้างมูลค่าเพิ่มให้กับภูมิปัญญาท้องถิ่น และต่อยอดผลิตภัณฑ์ รวมทั้งถ่ายทอดภูมิปัญญาอย่างน้อย 1 ครั้ง",กลยุทธ์ที่ 2 ส่งเสริมให้เกิดการสร้างมูลค่าเพิ่มในแหล่งท่องเที่ยวและธุรกิจที่เกี่ยวข้อง,1. มีข้อมูลภูมิปัญญาที่ผ่านการวิเคราะห์และจัดทําเป็นองค์ความรู้ ไม่ต่ํากว่า 3ด้าน3 รายการ2. มีผลิตภัณฑ์ที่ได้รับการพัฒนาต่อยอด ไม่ต่ํากว่า 1 ด้าน3. จัดกิจกรรมเปิดพื้นที่ในการสร้างมูลค่าเพิ่มให้กับภูมิปัญญาท้องถิ่น และต่อยอดผลิตภัณฑ์รวมทั้งถ่ายทอดภูมิปัญญา อย่างน้อย 1 ครั้ง,สำนักงานวัฒนธรรมจังหวัดปทุมธานี,2.2 การพัฒนาการท่องเที่ยวและการบริการ,2000000.0
ประเด็นยุทธศาสตร์ที่ 3 : พัฒนาแหล่งท่องเที่ยว จัดกิจกรรมการท่องเที่ยวและการตลาดเพื่อสร้างอาชีพและรายได้ให้กับประชาชนในพื้นที่,เพิ่มศักยภาพการรักษาความปลอดภัยทางน้ำ เพื่อสร้างความมั่นใจให้นักท่องเที่ยว,5.0,"1. จัดซื้อ/จัดจ้าง เครื่องมือ อุปกรณ์ช่วยเหลือผู้ประสบภัยทางน้ำ
2. ประสานหน่วยงานเครือข่าย เข้าร่วมการฝึกอบรม
3. ดําเนินการฝึกอบรม
4. ประเมินผลโครงการฝึกอบรม",กลยุทธ์ที่ 3 ส่งเสริมการท่องเที่ยวจังหวัดปทุมธานี,นักท่องเที่ยวมีความมั่นใจในความปลอดภัย และเจ้าหน้าที่ที่เกี่ยวข้อง มีความรู้ ความสามารถ และมีอุปกรณ์ ในการช่วยเหลือผู้ประสบภัยทางน้ำที่มีมาตรฐาน,สำนักงานป้องกันและบรรเทาสาธารณภัยจังหวัดปทุมธานี,2.2 การพัฒนาการท่องเที่ยวและการบริการ,10000000.0
ประเด็นยุทธศาสตร์ที่ 3 : พัฒนาแหล่งท่องเที่ยว จัดกิจกรรมการท่องเที่ยวและการตลาดเพื่อสร้างอาชีพและรายได้ให้กับประชาชนในพื้นที่,มหกรรมเปิดฤดูกาลแข่งขันเรือยาวชิงถ้วยพระราชทานของประเทศสนามวัดมะขาม - วัดมะขามใต้,3.0,การจัดกิจกรรมเปิดฤดูกาลแข่งเรือยาวชิงถ้วยพระราชทานของประเทศ บริเวณวัดมะขาม - วัดมะขามใต้,กลยุทธ์ที่ 3 ส่งเสริมการท่องเที่ยวจังหวัดปทุมธานี,ประชาชนมีความพึงพอใจการเข้าร่วมโครงการ ร้อยละ85,สํานักงานท่องเที่ยวและกีฬาจังหวัดปทุมธานี,2.2 การพัฒนาการท่องเที่ยวและการบริการ,5000000.0
ประเด็นยุทธศาสตร์ที่ 3 : พัฒนาแหล่งท่องเที่ยว จัดกิจกรรมการท่องเที่ยวและการตลาดเพื่อสร้างอาชีพและรายได้ให้กับประชาชนในพื้นที่,"สื่อสร้างสรรค์ ""ปทุมธานีมีสไตล์""",33.0,"1. แต่งตั้งคณะทํางาน และประชุมวางแผนการดําเนินงาน
2. จัดอบรมการรู้เท่าทันสื่อในยุคดิจิตอลและการสร้างสรรค์สื่อตลอดจนใช้สื่ออย่างสร้างสรรค์ เพื่อการประชาสัมพันธ์ โดยจัดกิจกรรมในสถานศึกษา และชุมชน
3. ถอดบทเรียน สรุปผลการดําเนินกิจกรรม เผยแพร่ข้อมูล และรายงานผลการดําเนินโครงการ
4. จัดกิจกรรมเชิญชวนสร้างสื่อประชาสัมพันธ์ภาพลักษณ์จังหวัดปทุมธานีเพื่อการท่องเที่ยว และผลิตสื่อประชาสัมพันธ์จังหวัดปทุมธานี
5. จัดเวทีสรุปผลงาน เผยแพร่และนําเสนอผลงานของเยาวชนที่เข้าร่วมโครงการ",กลยุทธ์ที่ 3 ส่งเสริมการท่องเที่ยวจังหวัดปทุมธานี,"1. เยาวชนและประชาชนได้รับการอบรมการรู้เท่าทันสื่อในยุคดิจิตอลและการสร้างสรรค์สื่อ ตลอดจนใช้สื่อเพื่อการประชาสัมพันธ์จํานวน 7 สถานศึกษา ใน7 อําเภอของจังหวัดปทุมธานี2. มีการถอดบทเรียน ทําคู่มือการจัดกิจกรรมออกเผยแพร่ จํานวน 5,000เล่ม3. มีสื่อประชาสัมพันธ์จังหวัดปทุมธานี ในรูปแบบต่างๆ ไม่น้อยกว่า 2 รูปแบบ4. จัดกิจกรรมในการนําเสนอผลงานของเยาวชนที่เข้าร่วมโครงการ 1 ครั้ง",สำนักงานวัฒนธรรมจังหวัดปทุมธานี,2.2 การพัฒนาการท่องเที่ยวและการบริการ,2000000.0
ประเด็นยุทธศาสตร์ที่ 3 : พัฒนาแหล่งท่องเที่ยว จัดกิจกรรมการท่องเที่ยวและการตลาดเพื่อสร้างอาชีพและรายได้ให้กับประชาชนในพื้นที่,ส่งเสริมเอกลักษณ์ของชาติ จังหวัดปทุมธานี,34.0,"1) จัดทําโครงการเพื่อขออนุมัติงบประมาณ
2) ประสานกับสถานศึกษากลุ่มเป้าหมายที่จะอบรม
3) แต่งตั้งคณะดําเนินงาน
4) ประสานงานวิทยาการ สถานที่ผู้เกี่ยวข้อง
5) จัดอบรมให้ความรู้กับสถานศึกษากลุ่มเป้าหมาย จํานวน 80 คน รวม 5 ครั้ง
6) ขั้นสรุปผล และรายงานผลให้จังหวัดทราบ",กลยุทธ์ที่ 3 ส่งเสริมการท่องเที่ยวจังหวัดปทุมธานี,1) จัดกิจกรรมอบรมให้ความรู้กับเด็กเยาวชน ใน 4กิจกรรมหลักไตรมาสละ 2– 3 ครั้งๆละ 3 วัน รวม 5ครั้ง2) เด็ก เยาวชน ในสถานศึกษาเข้าร่วมกิจกรรมครั้งละ 80 คน รวม 5 ครั้ง,สำนักงานวัฒนธรรมจังหวัดปทุมธานี,2.2 การพัฒนาการท่องเที่ยวและการบริการ,1500000.0
ประเด็นยุทธศาสตร์ที่ 3 : พัฒนาแหล่งท่องเที่ยว จัดกิจกรรมการท่องเที่ยวและการตลาดเพื่อสร้างอาชีพและรายได้ให้กับประชาชนในพื้นที่,โครงการเสริมสร้างความปลอดภัยในการขนส่งไม่ประจําทางด้วยรถที่ใช้ในการขนส่งผู้โดยสาร,91.0,"1) ตั้งจุดตรวจจับความเร็วรถโดยสารไม่ประจําทาง
2) ตั้งจุดตรวจสอบรถและผู้ประจํารถ ให้มีความพร้อมในการให้บริการ นักท่องเที่ยวรถและผู้ประจํารถที่ฝ่าฝืนพระราชบัญญัติการขนส่งทางบก พ.ศ. 2522 และพระราชบัญญัติรถยนต์ พ.ศ. 2522 ในเขตท้องที่จังหวัดปทุมธานี
3) จัดประชุมส่งเสริม และให้ความรู้ด้านกฎระเบียบ การพัฒนาการให้บริการ และเพิ่มจิตสํานึกด้านความปลอดภัย
4) ตรวจ ติดตาม ประเมินผล เพื่อให้บรรลุวัตถุประสงค์ตามเป้าหมายที่กําหนด",กลยุทธ์ที่ 3 ส่งเสริมการท่องเที่ยวจังหวัดปทุมธานี,1) จํานวนรถโดยสารไม่ประจําทาง และผู้ประจํารถที่ฝ่าฝืน พรบ.ขนส่งทางบกฯมีจํานวนลดลง2) การเกิดอุบัติเหตุลดลง3) รถโดยสารไม่ประจําทางในเขตท้องที่ มีการพัฒนาและปฏิบัติถูกต้องตามระเบียบเพิ่มขึ้น,สำนักงานขนส่งจังหวัดปทุมธานี,2.2 การพัฒนาการท่องเที่ยวและการบริการ,309200.0
ประเด็นยุทธศาสตร์ที่ 3 : พัฒนาแหล่งท่องเที่ยว จัดกิจกรรมการท่องเที่ยวและการตลาดเพื่อสร้างอาชีพและรายได้ให้กับประชาชนในพื้นที่,ประชาสัมพันธ์แหล่งท่องเที่ยวและเสริมสร้างศักยภาพการเป็นเจ้าบ้านที่ดี,51.0,"1) สํารวจและออกแบบจัดทําป้ายประชาสัมพันธ์แหล่งท่องเที่ยวที่สําคัญ
2) จัดสัมมนาสื่อมวลชน และผู้นําชุมชนที่เกี่ยวข้อง
3) จัดทําข้อมูลและผลิตสื่อประชาสัมพันธ์แหล่งท่องเที่ยว
4) จัดทําคณะผู้เกี่ยวข้องร่วมประชาสัมพันธ์แหล่งท่องเที่ยวจํานวน 2 ครั้ง",กลยุทธ์ที่ 3 ส่งเสริมการท่องเที่ยวจังหวัดปทุมธานี,จัดกิจกรรมที่ดําเนินการไม่น้อยกว่า 4 กิจกรรม,ประชาสัมพันธ์จังหวัดปทุมธานี,2.2 การพัฒนาการท่องเที่ยวและการบริการ,5000000.0
ประเด็นยุทธศาสตร์ที่ 3 : พัฒนาแหล่งท่องเที่ยว จัดกิจกรรมการท่องเที่ยวและการตลาดเพื่อสร้างอาชีพและรายได้ให้กับประชาชนในพื้นที่,โครงการส่งเสริมการท่องเที่ยวจังหวัด,6.0,จัดกิจกรรมการประชาสัมพันธ์แหล่งท่องเที่ยวจังหวัดผ่านสื่อต่างๆ,กลยุทธ์ที่ 3 ส่งเสริมการท่องเที่ยวจังหวัดปทุมธานี,จัดกิจกรรมการประชาสัมพันธ์แหล่งท่องเที่ยวไม่น้อยกว่า 2กิจกรรม,สำนักงานจังหวัดปทุมธานี,2.2 การพัฒนาการท่องเที่ยวและการบริการ,5000000.0
ประเด็นยุทธศาสตร์ที่ 3 : พัฒนาแหล่งท่องเที่ยว จัดกิจกรรมการท่องเที่ยวและการตลาดเพื่อสร้างอาชีพและรายได้ให้กับประชาชนในพื้นที่,"จัดกิจกรรมการท่องเที่ยว""วันสงกรานต์วิถีไทย สําราญใจวิถีมอญ""",57.0,"1. จัดทําสื่อประชาสัมพันธ์และปฏิทินการจัดกิจกรรมสืบสานประเพณีวัฒนธรรม ภูมิปัญญา
2. จัดงานสงกรานต์วิถีไทย สําราญใจวิถีมอญในรูปแบบ 5 กิจกรรม",กลยุทธ์ที่ 4 ส่งเสริมกิจกรรมการท่องเที่ยวตามประเพณี,"1.จัดงานสงกรานต์วิถีไทยสําราญใจวิถีมอญ ในรูปแบบของ“มหกรรมวัฒนธรรม5 กิจกรรมหลัก”2.เด็ก เยาวชน ประชาชนชนพื้นถิ่น นักท่องเที่ยวทั้งชาวไทย ชาวต่างประเทศและสื่อมวลชนทุกแขนง เข้าร่วมกิจกรรมทางศิลปวัฒนธรรม ประเพณีฯจํานวน 10,000 คน3.รายได้จากการจําหน่ายผลิตภัณฑ์และบริการจากนักท่องเที่ยวและผู้ร่วมงาน",สำนักงานวัฒนธรรมจังหวัดปทุมธานี,2.2 การพัฒนาการท่องเที่ยวและการบริการ,5000000.0
ประเด็นยุทธศาสตร์ที่ 3 : พัฒนาแหล่งท่องเที่ยว จัดกิจกรรมการท่องเที่ยวและการตลาดเพื่อสร้างอาชีพและรายได้ให้กับประชาชนในพื้นที่,ส่งเสริมงานเทศกาลประเพณีพื้นถิ่นจ.ปทุมธานี,37.0,"1. จัดทําสื่อประชาสัมพันธ์และปฏิทินการจัดกิจกรรมสืบสานประเพณีวัฒนธรรม ภูมิปัญญา
2. จัดงานสงกรานต์วิถีไทยในรูปแบบ 5กิจกรรม",กลยุทธ์ที่ 4 ส่งเสริมกิจกรรมการท่องเที่ยวตามประเพณี,"1. จัดงานประเพณีวัฒนธรรมที่เป็นเอกลักษณ์ของจังหวัดปทุมธานี ตามรอบปีปฏิทินอย่างน้อย 5 ประเพณี2. เด็ก เยาวชน ประชาชนเข้าร่วมกิจกรรมทางศิลปวัฒนธรรมประเพณีฯจํานวน10,000 คน3. รายได้จากการจําหน่ายผลิตภัณฑ์และบริการจากนักท่องเที่ยว และผู้ร่วมงานมากกว่า 1,000,000 บาท",สำนักงานวัฒนธรรมจังหวัดปทุมธานี,2.2 การพัฒนาการท่องเที่ยวและการบริการ,5000000.0
ประเด็นยุทธศาสตร์ที่ 3 : พัฒนาแหล่งท่องเที่ยว จัดกิจกรรมการท่องเที่ยวและการตลาดเพื่อสร้างอาชีพและรายได้ให้กับประชาชนในพื้นที่,"ส่งเสริมกิจกรรมการท่องเที่ยวทางน้ำภายใต้บริบททางสังคม""ประเพณีรําพาข้าวสาร"" บริเวณหน้าวัดโพธิ์เลื่อน",62.0,"จัดกิจกรรมการท่องเที่ยวทางน้ำภายใต้บริบททางสังคม ""ประเพณีรําพาข้าวสาร"" บริเวณหน้าวัดโพธิ์เลื่อน",กลยุทธ์ที่ 4 ส่งเสริมกิจกรรมการท่องเที่ยวตามประเพณี,"1. เด็ก เยาวชน ประชาชนเข้าร่วมกิจกรรมทางศิลปวัฒนธรรมประเพณีฯจํานวน2,000 คน3. รายได้จากการจําหน่ายผลิตภัณฑ์และบริการจากนักท่องเที่ยว และผู้ร่วมงานมากกว่า 500,000 บาท",สํานักงานท่องเที่ยวและกีฬาจังหวัดปทุมธานี,2.2 การพัฒนาการท่องเที่ยวและการบริการ,1000000.0
ประเด็นยุทธศาสตร์ที่ 3 : พัฒนาแหล่งท่องเที่ยว จัดกิจกรรมการท่องเที่ยวและการตลาดเพื่อสร้างอาชีพและรายได้ให้กับประชาชนในพื้นที่,โครงการปรับปรุงภูมิทัศน์สถานที่ท่องเที่ยวตลาดอิงน้ำสามโคก3. โครงการของกระทรวง กรม,40.0,ปรับปรุงภูมิทัศน์สถานที่ตลาดอิงน้ำสามโคกจนแล้วเสร็จ,กลยุทธ์ที่ 4 ส่งเสริมกิจกรรมการท่องเที่ยวตามประเพณี,สถานที่ท่องเที่ยวตลาดอิงน้ำสามโคกได้รับการปรับปรุงภูมิทัศน์เพื่อแหล่งสถานที่ท่องเที่ยวของชุมชน จํานวน 1 แห่ง,อําเภอสามโคก,2.2 การพัฒนาการท่องเที่ยวและการบริการ,3000000.0
ประเด็นยุทธศาสตร์ที่ 3 : พัฒนาแหล่งท่องเที่ยว จัดกิจกรรมการท่องเที่ยวและการตลาดเพื่อสร้างอาชีพและรายได้ให้กับประชาชนในพื้นที่,โครงกรส่งเสริมการท่องเที่ยว ต.บางพูด,,พัฒนาแหล่งท่องเที่ยว และจัดกิจกรรมการท่องเที่ยวตามประเพณีของท้องถิ่นเพื่อสร้างอาชีพและรายได้ให้กับประชาชนในพื้นที่,"กลยุทธ์ที่ 2 ส่งเสริมให้เกิดการสร้างมูลค่าเพิ่มในแหล่งท่องเที่ยวและธุรกิจที่เกี่ยวข้อง 
กลยุทธ์ที่ 3 ส่งเสริมการท่องเที่ยวจังหวัดปทุมธานี 
กลยุทธ์ที่ 4 ส่งเสริมกิจกรรมการท่องเที่ยวตามประเพณี",1) จัดกิจกรรมเพื่อส่งเสริมการท่องเที่ยว,กรมการท่องเที่ยว,2.2 การพัฒนาการท่องเที่ยวและการบริการ,7000000.0
ประเด็นยุทธศาสตร์ที่ 3 : พัฒนาแหล่งท่องเที่ยว จัดกิจกรรมการท่องเที่ยวและการตลาดเพื่อสร้างอาชีพและรายได้ให้กับประชาชนในพื้นที่,สร้างสวนเฉลิมพระเกียรติวัดสองพี่น้อง ม. 2ต.บ้านงิ้ว,,สร้างสวนเฉลิมพระเกียรติวัดสองพี่น้อง ม.2 ต.บ้านงิ้ว,กลยุทธ์ที่ 3 ส่งเสริมการท่องเที่ยวจังหวัดปทุมธานี,จํานวนนักท่องเที่ยวที่เพิ่มขึ้น,องค์การบริหารส่วนตำบลบ้านงิ้ว,2.2 การพัฒนาการท่องเที่ยวและการบริการ,900000.0
ประเด็นยุทธศาสตร์ที่ 3 : พัฒนาแหล่งท่องเที่ยว จัดกิจกรรมการท่องเที่ยวและการตลาดเพื่อสร้างอาชีพและรายได้ให้กับประชาชนในพื้นที่,ส่งเสริมการท่องเที่ยวต.เชียงรากน้อย อ.สามโคกจ.ปทุมธานี,,การประชาสัมพันธ์แหล่งท่องเที่ยวในตําบล,กลยุทธ์ที่ 3 ส่งเสริมการท่องเที่ยวจังหวัดปทุมธานี,กิจกรรมที่ดําเนินการส่งเสริมการท่องเที่ยวอย่างน้อย 2 กิจกรรม,องค์การบริหารส่วนตำบลเชียงรากน้อย,2.2 การพัฒนาการท่องเที่ยวและการบริการ,100000.0
ประเด็นยุทธศาสตร์ที่ 3 : พัฒนาแหล่งท่องเที่ยว จัดกิจกรรมการท่องเที่ยวและการตลาดเพื่อสร้างอาชีพและรายได้ให้กับประชาชนในพื้นที่,จัดทําป้าย LED ประชาสัมพันธ์การท่องเที่ยวในเขตตําบลบางกระบือ,,ติดตั้งป้าย LED ประชาสัมพันธ์แหล่งท่องเที่ยวในเขตตําบลบางกระบือ,กลยุทธ์ที่ 3 ส่งเสริมการท่องเที่ยวจังหวัดปทุมธานี,จํานวนป้าย LEDประชาสัมพันธ์แหล่งท่องเที่ยวที่ติดตั้ง,องค์การบริหารส่วนตำบลบางกระบือ,2.2 การพัฒนาการท่องเที่ยวและการบริการ,1200000.0
ประเด็นยุทธศาสตร์ที่ 3 : พัฒนาแหล่งท่องเที่ยว จัดกิจกรรมการท่องเที่ยวและการตลาดเพื่อสร้างอาชีพและรายได้ให้กับประชาชนในพื้นที่,"โครงการสานสายใยรักในครอบครัวและสืบสานประเพณีสงกรานต์ เปิดตํานาน ""ถนนข้าวแช่""",,จัดทําป้ายประชาสัมพันธ์แหล่งท่องเที่ยว,"กลยุทธ์ที่ 3 ส่งเสริมการท่องเที่ยวจังหวัดปทุมธานี 
กลยุทธ์ที่ 4 ส่งเสริมกิจกรรมการท่องเที่ยวตามประเพณี",การสืบสานประเพณีท้องถิ่นให้คงอยู่ต่อไปอย่างน้อยปีละ1 ครั้ง,องค์การบริหารส่วนจังหวัดปทุมธานี,2.2 การพัฒนาการท่องเที่ยวและการบริการ,500000.0
ประเด็นยุทธศาสตร์ที่ 3 : พัฒนาแหล่งท่องเที่ยว จัดกิจกรรมการท่องเที่ยวและการตลาดเพื่อสร้างอาชีพและรายได้ให้กับประชาชนในพื้นที่,โครงการจัดงานสืบสานประเพณีจุดลูกหนู จังหวัดปทุมธานี ประจําปี 2560,,จัดงานสืบสานประเพณีจุดลูกหนู จังหวัดปทุมธานี ประจําปี 2560,"กลยุทธ์ที่ 3 ส่งเสริมการท่องเที่ยวจังหวัดปทุมธานี 
กลยุทธ์ที่ 4 ส่งเสริมกิจกรรมการท่องเที่ยวตามประเพณี",การสืบสานประเพณีท้องถิ่นให้คงอยู่ต่อไปอย่างน้อยปีละ1 ครั้ง,องค์การบริหารส่วนจังหวัดปทุมธานี,2.2 การพัฒนาการท่องเที่ยวและการบริการ,1500000.0
ประเด็นยุทธศาสตร์ที่ 3 : พัฒนาแหล่งท่องเที่ยว จัดกิจกรรมการท่องเที่ยวและการตลาดเพื่อสร้างอาชีพและรายได้ให้กับประชาชนในพื้นที่,ท่องเที่ยวปลอดภัยให้แก่แรงงานต่างด้าว,,"1) จัดกิจกรรมฝึกอบรมให้ความรู้กับกลุ่มเป้าหมาย
2) การศึกษาดูงานเพื่อให้กลุ่มเป้าหมายได้เข้าใจในกระบวนการสร้างความปลอดภัยของแหล่งท่องเที่ยว",กลยุทธ์ที่ 3 ส่งเสริมการท่องเที่ยวจังหวัดปทุมธานี,ร้อยละของผู้เข้าร่วมโครงการที่ผ่านการอบรมร้อยละ 100,หอการค้าจังหวัดปทุมธานีร่วมกับสำนักงานท่องเที่ยวและกีฬาจังหวัดปทุมธานี,2.2 การพัฒนาการท่องเที่ยวและการบริการ,3500000.0
